<?xml version="1.0" encoding="utf-8"?>
<application xmlns="http://ns.adobe.com/air/application/2.5">
    <id>FlashCSExample</id>
    <versionNumber>1.0.0</versionNumber>
    <filename>FlashCSExample</filename>
    <description></description>
    <!-- To localize the description, use the following format for the description element.
	<description>
		<text xml:lang="en">English App description goes here</text>
		<text xml:lang="fr">French App description goes here</text>
		<text xml:lang="ja">Japanese App description goes here</text>
	</description>
	-->
    <name>FlashCSExample</name>
    <!-- To localize the name, use the following format for the name element.
	<name>
		<text xml:lang="en">English App name goes here</text>
		<text xml:lang="fr">French App name goes here</text>
		<text xml:lang="ja">Japanese App name goes here</text>
	</name>
	-->
    <copyright></copyright>
    <initialWindow>
        <content>FlashCSExample.swf</content>
        <systemChrome>standard</systemChrome>
        <transparent>false</transparent>
        <visible>true</visible>
        <fullScreen>false</fullScreen>
        <autoOrients>false</autoOrients>
        <aspectRatio>portrait</aspectRatio>
        <renderMode>cpu</renderMode>
    <maximizable>true</maximizable><minimizable>true</minimizable><resizable>true</resizable></initialWindow>
    <customUpdateUI>false</customUpdateUI>
    <allowBrowserInvocation>false</allowBrowserInvocation>
    <icon></icon>
</application>